Date_ID,Date,year,Month,Quarter,Date_ID
DT00001,01/01/2017,2017,01,Q1,DT00001
DT00002,01/02/2017,2017,01,Q1,DT00002
DT00003,01/03/2017,2017,01,Q1,DT00003
DT00004,01/04/2017,2017,01,Q1,DT00004
DT00005,01/05/2017,2017,01,Q1,DT00005
DT00006,01/06/2017,2017,01,Q1,DT00006
DT00007,01/07/2017,2017,01,Q1,DT00007
DT00008,01/08/2017,2017,01,Q1,DT00008
DT00009,01/09/2017,2017,01,Q1,DT00009
DT00010,01/10/2017,2017,01,Q1,DT00010
DT00011,01/11/2017,2017,01,Q1,DT00011
DT00012,01/12/2017,2017,01,Q1,DT00012
DT00013,01/13/2017,2017,01,Q1,DT00013
DT00014,01/14/2017,2017,01,Q1,DT00014
DT00015,01/15/2017,2017,01,Q1,DT00015
DT00016,01/16/2017,2017,01,Q1,DT00016
DT00017,01/17/2017,2017,01,Q1,DT00017
DT00018,01/18/2017,2017,01,Q1,DT00018
DT00019,01/19/2017,2017,01,Q1,DT00019
DT00020,01/20/2017,2017,01,Q1,DT00020
DT00021,01/21/2017,2017,01,Q1,DT00021
DT00022,01/22/2017,2017,01,Q1,DT00022
DT00023,01/23/2017,2017,01,Q1,DT00023
DT00024,01/24/2017,2017,01,Q1,DT00024
DT00025,01/25/2017,2017,01,Q1,DT00025
DT00026,01/26/2017,2017,01,Q1,DT00026
DT00027,01/27/2017,2017,01,Q1,DT00027
DT00028,01/28/2017,2017,01,Q1,DT00028
DT00029,01/29/2017,2017,01,Q1,DT00029
DT00030,01/30/2017,2017,01,Q1,DT00030
DT00031,01/31/2017,2017,01,Q1,DT00031
DT00032,02/01/2017,2017,02,Q1,DT00032
DT00033,02/02/2017,2017,02,Q1,DT00033
DT00034,02/03/2017,2017,02,Q1,DT00034
DT00035,02/04/2017,2017,02,Q1,DT00035
DT00036,02/05/2017,2017,02,Q1,DT00036
DT00037,02/06/2017,2017,02,Q1,DT00037
DT00038,02/07/2017,2017,02,Q1,DT00038
DT00039,02/08/2017,2017,02,Q1,DT00039
DT00040,02/09/2017,2017,02,Q1,DT00040
DT00041,02/10/2017,2017,02,Q1,DT00041
DT00042,02/11/2017,2017,02,Q1,DT00042
DT00043,02/12/2017,2017,02,Q1,DT00043
DT00044,02/13/2017,2017,02,Q1,DT00044
DT00045,02/14/2017,2017,02,Q1,DT00045
DT00046,02/15/2017,2017,02,Q1,DT00046
DT00047,02/16/2017,2017,02,Q1,DT00047
DT00048,02/17/2017,2017,02,Q1,DT00048
DT00049,02/18/2017,2017,02,Q1,DT00049
DT00050,02/19/2017,2017,02,Q1,DT00050
DT00051,02/20/2017,2017,02,Q1,DT00051
DT00052,02/21/2017,2017,02,Q1,DT00052
DT00053,02/22/2017,2017,02,Q1,DT00053
DT00054,02/23/2017,2017,02,Q1,DT00054
DT00055,02/24/2017,2017,02,Q1,DT00055
DT00056,02/25/2017,2017,02,Q1,DT00056
DT00057,02/26/2017,2017,02,Q1,DT00057
DT00058,02/27/2017,2017,02,Q1,DT00058
DT00059,02/28/2017,2017,02,Q1,DT00059
DT00060,03/01/2017,2017,03,Q1,DT00060
DT00061,03/02/2017,2017,03,Q1,DT00061
DT00062,03/03/2017,2017,03,Q1,DT00062
DT00063,03/04/2017,2017,03,Q1,DT00063
DT00064,03/05/2017,2017,03,Q1,DT00064
DT00065,03/06/2017,2017,03,Q1,DT00065
DT00066,03/07/2017,2017,03,Q1,DT00066
DT00067,03/08/2017,2017,03,Q1,DT00067
DT00068,03/09/2017,2017,03,Q1,DT00068
DT00069,03/10/2017,2017,03,Q1,DT00069
DT00070,03/11/2017,2017,03,Q1,DT00070
DT00071,03/12/2017,2017,03,Q1,DT00071
DT00072,03/13/2017,2017,03,Q1,DT00072
DT00073,03/14/2017,2017,03,Q1,DT00073
DT00074,03/15/2017,2017,03,Q1,DT00074
DT00075,03/16/2017,2017,03,Q1,DT00075
DT00076,03/17/2017,2017,03,Q1,DT00076
DT00077,03/18/2017,2017,03,Q1,DT00077
DT00078,03/19/2017,2017,03,Q1,DT00078
DT00079,03/20/2017,2017,03,Q1,DT00079
DT00080,03/21/2017,2017,03,Q1,DT00080
DT00081,03/22/2017,2017,03,Q1,DT00081
DT00082,03/23/2017,2017,03,Q1,DT00082
DT00083,03/24/2017,2017,03,Q1,DT00083
DT00084,03/25/2017,2017,03,Q1,DT00084
DT00085,03/26/2017,2017,03,Q1,DT00085
DT00086,03/27/2017,2017,03,Q1,DT00086
DT00087,03/28/2017,2017,03,Q1,DT00087
DT00088,03/29/2017,2017,03,Q1,DT00088
DT00089,03/30/2017,2017,03,Q1,DT00089
DT00090,03/31/2017,2017,03,Q1,DT00090
DT00091,04/01/2017,2017,04,Q2,DT00091
DT00092,04/02/2017,2017,04,Q2,DT00092
DT00093,04/03/2017,2017,04,Q2,DT00093
DT00094,04/04/2017,2017,04,Q2,DT00094
DT00095,04/05/2017,2017,04,Q2,DT00095
DT00096,04/06/2017,2017,04,Q2,DT00096
DT00097,04/07/2017,2017,04,Q2,DT00097
DT00098,04/08/2017,2017,04,Q2,DT00098
DT00099,04/09/2017,2017,04,Q2,DT00099
DT00100,04/10/2017,2017,04,Q2,DT00100
DT00101,04/11/2017,2017,04,Q2,DT00101
DT00102,04/12/2017,2017,04,Q2,DT00102
DT00103,04/13/2017,2017,04,Q2,DT00103
DT00104,04/14/2017,2017,04,Q2,DT00104
DT00105,04/15/2017,2017,04,Q2,DT00105
DT00106,04/16/2017,2017,04,Q2,DT00106
DT00107,04/17/2017,2017,04,Q2,DT00107
DT00108,04/18/2017,2017,04,Q2,DT00108
DT00109,04/19/2017,2017,04,Q2,DT00109
DT00110,04/20/2017,2017,04,Q2,DT00110
DT00111,04/21/2017,2017,04,Q2,DT00111
DT00112,04/22/2017,2017,04,Q2,DT00112
DT00113,04/23/2017,2017,04,Q2,DT00113
DT00114,04/24/2017,2017,04,Q2,DT00114
DT00115,04/25/2017,2017,04,Q2,DT00115
DT00116,04/26/2017,2017,04,Q2,DT00116
DT00117,04/27/2017,2017,04,Q2,DT00117
DT00118,04/28/2017,2017,04,Q2,DT00118
DT00119,04/29/2017,2017,04,Q2,DT00119
DT00120,04/30/2017,2017,04,Q2,DT00120
DT00121,05/01/2017,2017,05,Q2,DT00121
DT00122,05/02/2017,2017,05,Q2,DT00122
DT00123,05/03/2017,2017,05,Q2,DT00123
DT00124,05/04/2017,2017,05,Q2,DT00124
DT00125,05/05/2017,2017,05,Q2,DT00125
DT00126,05/06/2017,2017,05,Q2,DT00126
DT00127,05/07/2017,2017,05,Q2,DT00127
DT00128,05/08/2017,2017,05,Q2,DT00128
DT00129,05/09/2017,2017,05,Q2,DT00129
DT00130,05/10/2017,2017,05,Q2,DT00130
DT00131,05/11/2017,2017,05,Q2,DT00131
DT00132,05/12/2017,2017,05,Q2,DT00132
DT00133,05/13/2017,2017,05,Q2,DT00133
DT00134,05/14/2017,2017,05,Q2,DT00134
DT00135,05/15/2017,2017,05,Q2,DT00135
DT00136,05/16/2017,2017,05,Q2,DT00136
DT00137,05/17/2017,2017,05,Q2,DT00137
DT00138,05/18/2017,2017,05,Q2,DT00138
DT00139,05/19/2017,2017,05,Q2,DT00139
DT00140,05/20/2017,2017,05,Q2,DT00140
DT00141,05/21/2017,2017,05,Q2,DT00141
DT00142,05/22/2017,2017,05,Q2,DT00142
DT00143,05/23/2017,2017,05,Q2,DT00143
DT00144,05/24/2017,2017,05,Q2,DT00144
DT00145,05/25/2017,2017,05,Q2,DT00145
DT00146,05/26/2017,2017,05,Q2,DT00146
DT00147,05/27/2017,2017,05,Q2,DT00147
DT00148,05/28/2017,2017,05,Q2,DT00148
DT00149,05/29/2017,2017,05,Q2,DT00149
DT00150,05/30/2017,2017,05,Q2,DT00150
DT00151,05/31/2017,2017,05,Q2,DT00151
DT00152,06/01/2017,2017,06,Q2,DT00152
DT00153,06/02/2017,2017,06,Q2,DT00153
DT00154,06/03/2017,2017,06,Q2,DT00154
DT00155,06/04/2017,2017,06,Q2,DT00155
DT00156,06/05/2017,2017,06,Q2,DT00156
DT00157,06/06/2017,2017,06,Q2,DT00157
DT00158,06/07/2017,2017,06,Q2,DT00158
DT00159,06/08/2017,2017,06,Q2,DT00159
DT00160,06/09/2017,2017,06,Q2,DT00160
DT00161,06/10/2017,2017,06,Q2,DT00161
DT00162,06/11/2017,2017,06,Q2,DT00162
DT00163,06/12/2017,2017,06,Q2,DT00163
DT00164,06/13/2017,2017,06,Q2,DT00164
DT00165,06/14/2017,2017,06,Q2,DT00165
DT00166,06/15/2017,2017,06,Q2,DT00166
DT00167,06/16/2017,2017,06,Q2,DT00167
DT00168,06/17/2017,2017,06,Q2,DT00168
DT00169,06/18/2017,2017,06,Q2,DT00169
DT00170,06/19/2017,2017,06,Q2,DT00170
DT00171,06/20/2017,2017,06,Q2,DT00171
DT00172,06/21/2017,2017,06,Q2,DT00172
DT00173,06/22/2017,2017,06,Q2,DT00173
DT00174,06/23/2017,2017,06,Q2,DT00174
DT00175,06/24/2017,2017,06,Q2,DT00175
DT00176,06/25/2017,2017,06,Q2,DT00176
DT00177,06/26/2017,2017,06,Q2,DT00177
DT00178,06/27/2017,2017,06,Q2,DT00178
DT00179,06/28/2017,2017,06,Q2,DT00179
DT00180,06/29/2017,2017,06,Q2,DT00180
DT00181,06/30/2017,2017,06,Q2,DT00181
DT00182,07/01/2017,2017,07,Q3,DT00182
DT00183,07/02/2017,2017,07,Q3,DT00183
DT00184,07/03/2017,2017,07,Q3,DT00184
DT00185,07/04/2017,2017,07,Q3,DT00185
DT00186,07/05/2017,2017,07,Q3,DT00186
DT00187,07/06/2017,2017,07,Q3,DT00187
DT00188,07/07/2017,2017,07,Q3,DT00188
DT00189,07/08/2017,2017,07,Q3,DT00189
DT00190,07/09/2017,2017,07,Q3,DT00190
DT00191,07/10/2017,2017,07,Q3,DT00191
DT00192,07/11/2017,2017,07,Q3,DT00192
DT00193,07/12/2017,2017,07,Q3,DT00193
DT00194,07/13/2017,2017,07,Q3,DT00194
DT00195,07/14/2017,2017,07,Q3,DT00195
DT00196,07/15/2017,2017,07,Q3,DT00196
DT00197,07/16/2017,2017,07,Q3,DT00197
DT00198,07/17/2017,2017,07,Q3,DT00198
DT00199,07/18/2017,2017,07,Q3,DT00199
DT00200,07/19/2017,2017,07,Q3,DT00200
DT00201,07/20/2017,2017,07,Q3,DT00201
DT00202,07/21/2017,2017,07,Q3,DT00202
DT00203,07/22/2017,2017,07,Q3,DT00203
DT00204,07/23/2017,2017,07,Q3,DT00204
DT00205,07/24/2017,2017,07,Q3,DT00205
DT00206,07/25/2017,2017,07,Q3,DT00206
DT00207,07/26/2017,2017,07,Q3,DT00207
DT00208,07/27/2017,2017,07,Q3,DT00208
DT00209,07/28/2017,2017,07,Q3,DT00209
DT00210,07/29/2017,2017,07,Q3,DT00210
DT00211,07/30/2017,2017,07,Q3,DT00211
DT00212,07/31/2017,2017,07,Q3,DT00212
DT00213,08/01/2017,2017,08,Q3,DT00213
DT00214,08/02/2017,2017,08,Q3,DT00214
DT00215,08/03/2017,2017,08,Q3,DT00215
DT00216,08/04/2017,2017,08,Q3,DT00216
DT00217,08/05/2017,2017,08,Q3,DT00217
DT00218,08/06/2017,2017,08,Q3,DT00218
DT00219,08/07/2017,2017,08,Q3,DT00219
DT00220,08/08/2017,2017,08,Q3,DT00220
DT00221,08/09/2017,2017,08,Q3,DT00221
DT00222,08/10/2017,2017,08,Q3,DT00222
DT00223,08/11/2017,2017,08,Q3,DT00223
DT00224,08/12/2017,2017,08,Q3,DT00224
DT00225,08/13/2017,2017,08,Q3,DT00225
DT00226,08/14/2017,2017,08,Q3,DT00226
DT00227,08/15/2017,2017,08,Q3,DT00227
DT00228,08/16/2017,2017,08,Q3,DT00228
DT00229,08/17/2017,2017,08,Q3,DT00229
DT00230,08/18/2017,2017,08,Q3,DT00230
DT00231,08/19/2017,2017,08,Q3,DT00231
DT00232,08/20/2017,2017,08,Q3,DT00232
DT00233,08/21/2017,2017,08,Q3,DT00233
DT00234,08/22/2017,2017,08,Q3,DT00234
DT00235,08/23/2017,2017,08,Q3,DT00235
DT00236,08/24/2017,2017,08,Q3,DT00236
DT00237,08/25/2017,2017,08,Q3,DT00237
DT00238,08/26/2017,2017,08,Q3,DT00238
DT00239,08/27/2017,2017,08,Q3,DT00239
DT00240,08/28/2017,2017,08,Q3,DT00240
DT00241,08/29/2017,2017,08,Q3,DT00241
DT00242,08/30/2017,2017,08,Q3,DT00242
DT00243,08/31/2017,2017,08,Q3,DT00243
DT00244,09/01/2017,2017,09,Q3,DT00244
DT00245,09/02/2017,2017,09,Q3,DT00245
DT00246,09/03/2017,2017,09,Q3,DT00246
DT00247,09/04/2017,2017,09,Q3,DT00247
DT00248,09/05/2017,2017,09,Q3,DT00248
DT00249,09/06/2017,2017,09,Q3,DT00249
DT00250,09/07/2017,2017,09,Q3,DT00250
DT00251,09/08/2017,2017,09,Q3,DT00251
DT00252,09/09/2017,2017,09,Q3,DT00252
DT00253,09/10/2017,2017,09,Q3,DT00253
DT00254,09/11/2017,2017,09,Q3,DT00254
DT00255,09/12/2017,2017,09,Q3,DT00255
DT00256,09/13/2017,2017,09,Q3,DT00256
DT00257,09/14/2017,2017,09,Q3,DT00257
DT00258,09/15/2017,2017,09,Q3,DT00258
DT00259,09/16/2017,2017,09,Q3,DT00259
DT00260,09/17/2017,2017,09,Q3,DT00260
DT00261,09/18/2017,2017,09,Q3,DT00261
DT00262,09/19/2017,2017,09,Q3,DT00262
DT00263,09/20/2017,2017,09,Q3,DT00263
DT00264,09/21/2017,2017,09,Q3,DT00264
DT00265,09/22/2017,2017,09,Q3,DT00265
DT00266,09/23/2017,2017,09,Q3,DT00266
DT00267,09/24/2017,2017,09,Q3,DT00267
DT00268,09/25/2017,2017,09,Q3,DT00268
DT00269,09/26/2017,2017,09,Q3,DT00269
DT00270,09/27/2017,2017,09,Q3,DT00270
DT00271,09/28/2017,2017,09,Q3,DT00271
DT00272,09/29/2017,2017,09,Q3,DT00272
DT00273,09/30/2017,2017,09,Q3,DT00273
DT00274,10/01/2017,2017,10,Q4,DT00274
DT00275,10/02/2017,2017,10,Q4,DT00275
DT00276,10/03/2017,2017,10,Q4,DT00276
DT00277,10/04/2017,2017,10,Q4,DT00277
DT00278,10/05/2017,2017,10,Q4,DT00278
DT00279,10/06/2017,2017,10,Q4,DT00279
DT00280,10/07/2017,2017,10,Q4,DT00280
DT00281,10/08/2017,2017,10,Q4,DT00281
DT00282,10/09/2017,2017,10,Q4,DT00282
DT00283,10/10/2017,2017,10,Q4,DT00283
DT00284,10/11/2017,2017,10,Q4,DT00284
DT00285,10/12/2017,2017,10,Q4,DT00285
DT00286,10/13/2017,2017,10,Q4,DT00286
DT00287,10/14/2017,2017,10,Q4,DT00287
DT00288,10/15/2017,2017,10,Q4,DT00288
DT00289,10/16/2017,2017,10,Q4,DT00289
DT00290,10/17/2017,2017,10,Q4,DT00290
DT00291,10/18/2017,2017,10,Q4,DT00291
DT00292,10/19/2017,2017,10,Q4,DT00292
DT00293,10/20/2017,2017,10,Q4,DT00293
DT00294,10/21/2017,2017,10,Q4,DT00294
DT00295,10/22/2017,2017,10,Q4,DT00295
DT00296,10/23/2017,2017,10,Q4,DT00296
DT00297,10/24/2017,2017,10,Q4,DT00297
DT00298,10/25/2017,2017,10,Q4,DT00298
DT00299,10/26/2017,2017,10,Q4,DT00299
DT00300,10/27/2017,2017,10,Q4,DT00300
DT00301,10/28/2017,2017,10,Q4,DT00301
DT00302,10/29/2017,2017,10,Q4,DT00302
DT00303,10/30/2017,2017,10,Q4,DT00303
DT00304,10/31/2017,2017,10,Q4,DT00304
DT00305,11/01/2017,2017,11,Q4,DT00305
DT00306,11/02/2017,2017,11,Q4,DT00306
DT00307,11/03/2017,2017,11,Q4,DT00307
DT00308,11/04/2017,2017,11,Q4,DT00308
DT00309,11/05/2017,2017,11,Q4,DT00309
DT00310,11/06/2017,2017,11,Q4,DT00310
DT00311,11/07/2017,2017,11,Q4,DT00311
DT00312,11/08/2017,2017,11,Q4,DT00312
DT00313,11/09/2017,2017,11,Q4,DT00313
DT00314,11/10/2017,2017,11,Q4,DT00314
DT00315,11/11/2017,2017,11,Q4,DT00315
DT00316,11/12/2017,2017,11,Q4,DT00316
DT00317,11/13/2017,2017,11,Q4,DT00317
DT00318,11/14/2017,2017,11,Q4,DT00318
DT00319,11/15/2017,2017,11,Q4,DT00319
DT00320,11/16/2017,2017,11,Q4,DT00320
DT00321,11/17/2017,2017,11,Q4,DT00321
DT00322,11/18/2017,2017,11,Q4,DT00322
DT00323,11/19/2017,2017,11,Q4,DT00323
DT00324,11/20/2017,2017,11,Q4,DT00324
DT00325,11/21/2017,2017,11,Q4,DT00325
DT00326,11/22/2017,2017,11,Q4,DT00326
DT00327,11/23/2017,2017,11,Q4,DT00327
DT00328,11/24/2017,2017,11,Q4,DT00328
DT00329,11/25/2017,2017,11,Q4,DT00329
DT00330,11/26/2017,2017,11,Q4,DT00330
DT00331,11/27/2017,2017,11,Q4,DT00331
DT00332,11/28/2017,2017,11,Q4,DT00332
DT00333,11/29/2017,2017,11,Q4,DT00333
DT00334,11/30/2017,2017,11,Q4,DT00334
DT00335,12/01/2017,2017,12,Q4,DT00335
DT00336,12/02/2017,2017,12,Q4,DT00336
DT00337,12/03/2017,2017,12,Q4,DT00337
DT00338,12/04/2017,2017,12,Q4,DT00338
DT00339,12/05/2017,2017,12,Q4,DT00339
DT00340,12/06/2017,2017,12,Q4,DT00340
DT00341,12/07/2017,2017,12,Q4,DT00341
DT00342,12/08/2017,2017,12,Q4,DT00342
DT00343,12/09/2017,2017,12,Q4,DT00343
DT00344,12/10/2017,2017,12,Q4,DT00344
DT00345,12/11/2017,2017,12,Q4,DT00345
DT00346,12/12/2017,2017,12,Q4,DT00346
DT00347,12/13/2017,2017,12,Q4,DT00347
DT00348,12/14/2017,2017,12,Q4,DT00348
DT00349,12/15/2017,2017,12,Q4,DT00349
DT00350,12/16/2017,2017,12,Q4,DT00350
DT00351,12/17/2017,2017,12,Q4,DT00351
DT00352,12/18/2017,2017,12,Q4,DT00352
DT00353,12/19/2017,2017,12,Q4,DT00353
DT00354,12/20/2017,2017,12,Q4,DT00354
DT00355,12/21/2017,2017,12,Q4,DT00355
DT00356,12/22/2017,2017,12,Q4,DT00356
DT00357,12/23/2017,2017,12,Q4,DT00357
DT00358,12/24/2017,2017,12,Q4,DT00358
DT00359,12/25/2017,2017,12,Q4,DT00359
DT00360,12/26/2017,2017,12,Q4,DT00360
DT00361,12/27/2017,2017,12,Q4,DT00361
DT00362,12/28/2017,2017,12,Q4,DT00362
DT00363,12/29/2017,2017,12,Q4,DT00363
DT00364,12/30/2017,2017,12,Q4,DT00364
DT00365,12/31/2017,2017,12,Q4,DT00365
DT00366,01/01/2018,2018,01,Q1,DT00366
DT00367,01/02/2018,2018,01,Q1,DT00367
DT00368,01/03/2018,2018,01,Q1,DT00368
DT00369,01/04/2018,2018,01,Q1,DT00369
DT00370,01/05/2018,2018,01,Q1,DT00370
DT00371,01/06/2018,2018,01,Q1,DT00371
DT00372,01/07/2018,2018,01,Q1,DT00372
DT00373,01/08/2018,2018,01,Q1,DT00373
DT00374,01/09/2018,2018,01,Q1,DT00374
DT00375,01/10/2018,2018,01,Q1,DT00375
DT00376,01/11/2018,2018,01,Q1,DT00376
DT00377,01/12/2018,2018,01,Q1,DT00377
DT00378,01/13/2018,2018,01,Q1,DT00378
DT00379,01/14/2018,2018,01,Q1,DT00379
DT00380,01/15/2018,2018,01,Q1,DT00380
DT00381,01/16/2018,2018,01,Q1,DT00381
DT00382,01/17/2018,2018,01,Q1,DT00382
DT00383,01/18/2018,2018,01,Q1,DT00383
DT00384,01/19/2018,2018,01,Q1,DT00384
DT00385,01/20/2018,2018,01,Q1,DT00385
DT00386,01/21/2018,2018,01,Q1,DT00386
DT00387,01/22/2018,2018,01,Q1,DT00387
DT00388,01/23/2018,2018,01,Q1,DT00388
DT00389,01/24/2018,2018,01,Q1,DT00389
DT00390,01/25/2018,2018,01,Q1,DT00390
DT00391,01/26/2018,2018,01,Q1,DT00391
DT00392,01/27/2018,2018,01,Q1,DT00392
DT00393,01/28/2018,2018,01,Q1,DT00393
DT00394,01/29/2018,2018,01,Q1,DT00394
DT00395,01/30/2018,2018,01,Q1,DT00395
DT00396,01/31/2018,2018,01,Q1,DT00396
DT00397,02/01/2018,2018,02,Q1,DT00397
DT00398,02/02/2018,2018,02,Q1,DT00398
DT00399,02/03/2018,2018,02,Q1,DT00399
DT00400,02/04/2018,2018,02,Q1,DT00400
DT00401,02/05/2018,2018,02,Q1,DT00401
DT00402,02/06/2018,2018,02,Q1,DT00402
DT00403,02/07/2018,2018,02,Q1,DT00403
DT00404,02/08/2018,2018,02,Q1,DT00404
DT00405,02/09/2018,2018,02,Q1,DT00405
DT00406,02/10/2018,2018,02,Q1,DT00406
DT00407,02/11/2018,2018,02,Q1,DT00407
DT00408,02/12/2018,2018,02,Q1,DT00408
DT00409,02/13/2018,2018,02,Q1,DT00409
DT00410,02/14/2018,2018,02,Q1,DT00410
DT00411,02/15/2018,2018,02,Q1,DT00411
DT00412,02/16/2018,2018,02,Q1,DT00412
DT00413,02/17/2018,2018,02,Q1,DT00413
DT00414,02/18/2018,2018,02,Q1,DT00414
DT00415,02/19/2018,2018,02,Q1,DT00415
DT00416,02/20/2018,2018,02,Q1,DT00416
DT00417,02/21/2018,2018,02,Q1,DT00417
DT00418,02/22/2018,2018,02,Q1,DT00418
DT00419,02/23/2018,2018,02,Q1,DT00419
DT00420,02/24/2018,2018,02,Q1,DT00420
DT00421,02/25/2018,2018,02,Q1,DT00421
DT00422,02/26/2018,2018,02,Q1,DT00422
DT00423,02/27/2018,2018,02,Q1,DT00423
DT00424,02/28/2018,2018,02,Q1,DT00424
DT00425,03/01/2018,2018,03,Q1,DT00425
DT00426,03/02/2018,2018,03,Q1,DT00426
DT00427,03/03/2018,2018,03,Q1,DT00427
DT00428,03/04/2018,2018,03,Q1,DT00428
DT00429,03/05/2018,2018,03,Q1,DT00429
DT00430,03/06/2018,2018,03,Q1,DT00430
DT00431,03/07/2018,2018,03,Q1,DT00431
DT00432,03/08/2018,2018,03,Q1,DT00432
DT00433,03/09/2018,2018,03,Q1,DT00433
DT00434,03/10/2018,2018,03,Q1,DT00434
DT00435,03/11/2018,2018,03,Q1,DT00435
DT00436,03/12/2018,2018,03,Q1,DT00436
DT00437,03/13/2018,2018,03,Q1,DT00437
DT00438,03/14/2018,2018,03,Q1,DT00438
DT00439,03/15/2018,2018,03,Q1,DT00439
DT00440,03/16/2018,2018,03,Q1,DT00440
DT00441,03/17/2018,2018,03,Q1,DT00441
DT00442,03/18/2018,2018,03,Q1,DT00442
DT00443,03/19/2018,2018,03,Q1,DT00443
DT00444,03/20/2018,2018,03,Q1,DT00444
DT00445,03/21/2018,2018,03,Q1,DT00445
DT00446,03/22/2018,2018,03,Q1,DT00446
DT00447,03/23/2018,2018,03,Q1,DT00447
DT00448,03/24/2018,2018,03,Q1,DT00448
DT00449,03/25/2018,2018,03,Q1,DT00449
DT00450,03/26/2018,2018,03,Q1,DT00450
DT00451,03/27/2018,2018,03,Q1,DT00451
DT00452,03/28/2018,2018,03,Q1,DT00452
DT00453,03/29/2018,2018,03,Q1,DT00453
DT00454,03/30/2018,2018,03,Q1,DT00454
DT00455,03/31/2018,2018,03,Q1,DT00455
DT00456,04/01/2018,2018,04,Q2,DT00456
DT00457,04/02/2018,2018,04,Q2,DT00457
DT00458,04/03/2018,2018,04,Q2,DT00458
DT00459,04/04/2018,2018,04,Q2,DT00459
DT00460,04/05/2018,2018,04,Q2,DT00460
DT00461,04/06/2018,2018,04,Q2,DT00461
DT00462,04/07/2018,2018,04,Q2,DT00462
DT00463,04/08/2018,2018,04,Q2,DT00463
DT00464,04/09/2018,2018,04,Q2,DT00464
DT00465,04/10/2018,2018,04,Q2,DT00465
DT00466,04/11/2018,2018,04,Q2,DT00466
DT00467,04/12/2018,2018,04,Q2,DT00467
DT00468,04/13/2018,2018,04,Q2,DT00468
DT00469,04/14/2018,2018,04,Q2,DT00469
DT00470,04/15/2018,2018,04,Q2,DT00470
DT00471,04/16/2018,2018,04,Q2,DT00471
DT00472,04/17/2018,2018,04,Q2,DT00472
DT00473,04/18/2018,2018,04,Q2,DT00473
DT00474,04/19/2018,2018,04,Q2,DT00474
DT00475,04/20/2018,2018,04,Q2,DT00475
DT00476,04/21/2018,2018,04,Q2,DT00476
DT00477,04/22/2018,2018,04,Q2,DT00477
DT00478,04/23/2018,2018,04,Q2,DT00478
DT00479,04/24/2018,2018,04,Q2,DT00479
DT00480,04/25/2018,2018,04,Q2,DT00480
DT00481,04/26/2018,2018,04,Q2,DT00481
DT00482,04/27/2018,2018,04,Q2,DT00482
DT00483,04/28/2018,2018,04,Q2,DT00483
DT00484,04/29/2018,2018,04,Q2,DT00484
DT00485,04/30/2018,2018,04,Q2,DT00485
DT00486,05/01/2018,2018,05,Q2,DT00486
DT00487,05/02/2018,2018,05,Q2,DT00487
DT00488,05/03/2018,2018,05,Q2,DT00488
DT00489,05/04/2018,2018,05,Q2,DT00489
DT00490,05/05/2018,2018,05,Q2,DT00490
DT00491,05/06/2018,2018,05,Q2,DT00491
DT00492,05/07/2018,2018,05,Q2,DT00492
DT00493,05/08/2018,2018,05,Q2,DT00493
DT00494,05/09/2018,2018,05,Q2,DT00494
DT00495,05/10/2018,2018,05,Q2,DT00495
DT00496,05/11/2018,2018,05,Q2,DT00496
DT00497,05/12/2018,2018,05,Q2,DT00497
DT00498,05/13/2018,2018,05,Q2,DT00498
DT00499,05/14/2018,2018,05,Q2,DT00499
DT00500,05/15/2018,2018,05,Q2,DT00500
DT00501,05/16/2018,2018,05,Q2,DT00501
DT00502,05/17/2018,2018,05,Q2,DT00502
DT00503,05/18/2018,2018,05,Q2,DT00503
DT00504,05/19/2018,2018,05,Q2,DT00504
DT00505,05/20/2018,2018,05,Q2,DT00505
DT00506,05/21/2018,2018,05,Q2,DT00506
DT00507,05/22/2018,2018,05,Q2,DT00507
DT00508,05/23/2018,2018,05,Q2,DT00508
DT00509,05/24/2018,2018,05,Q2,DT00509
DT00510,05/25/2018,2018,05,Q2,DT00510
DT00511,05/26/2018,2018,05,Q2,DT00511
DT00512,05/27/2018,2018,05,Q2,DT00512
DT00513,05/28/2018,2018,05,Q2,DT00513
DT00514,05/29/2018,2018,05,Q2,DT00514
DT00515,05/30/2018,2018,05,Q2,DT00515
DT00516,05/31/2018,2018,05,Q2,DT00516
DT00517,06/01/2018,2018,06,Q2,DT00517
DT00518,06/02/2018,2018,06,Q2,DT00518
DT00519,06/03/2018,2018,06,Q2,DT00519
DT00520,06/04/2018,2018,06,Q2,DT00520
DT00521,06/05/2018,2018,06,Q2,DT00521
DT00522,06/06/2018,2018,06,Q2,DT00522
DT00523,06/07/2018,2018,06,Q2,DT00523
DT00524,06/08/2018,2018,06,Q2,DT00524
DT00525,06/09/2018,2018,06,Q2,DT00525
DT00526,06/10/2018,2018,06,Q2,DT00526
DT00527,06/11/2018,2018,06,Q2,DT00527
DT00528,06/12/2018,2018,06,Q2,DT00528
DT00529,06/13/2018,2018,06,Q2,DT00529
DT00530,06/14/2018,2018,06,Q2,DT00530
DT00531,06/15/2018,2018,06,Q2,DT00531
DT00532,06/16/2018,2018,06,Q2,DT00532
DT00533,06/17/2018,2018,06,Q2,DT00533
DT00534,06/18/2018,2018,06,Q2,DT00534
DT00535,06/19/2018,2018,06,Q2,DT00535
DT00536,06/20/2018,2018,06,Q2,DT00536
DT00537,06/21/2018,2018,06,Q2,DT00537
DT00538,06/22/2018,2018,06,Q2,DT00538
DT00539,06/23/2018,2018,06,Q2,DT00539
DT00540,06/24/2018,2018,06,Q2,DT00540
DT00541,06/25/2018,2018,06,Q2,DT00541
DT00542,06/26/2018,2018,06,Q2,DT00542
DT00543,06/27/2018,2018,06,Q2,DT00543
DT00544,06/28/2018,2018,06,Q2,DT00544
DT00545,06/29/2018,2018,06,Q2,DT00545
DT00546,06/30/2018,2018,06,Q2,DT00546
DT00547,07/01/2018,2018,07,Q3,DT00547
DT00548,07/02/2018,2018,07,Q3,DT00548
DT00549,07/03/2018,2018,07,Q3,DT00549
DT00550,07/04/2018,2018,07,Q3,DT00550
DT00551,07/05/2018,2018,07,Q3,DT00551
DT00552,07/06/2018,2018,07,Q3,DT00552
DT00553,07/07/2018,2018,07,Q3,DT00553
DT00554,07/08/2018,2018,07,Q3,DT00554
DT00555,07/09/2018,2018,07,Q3,DT00555
DT00556,07/10/2018,2018,07,Q3,DT00556
DT00557,07/11/2018,2018,07,Q3,DT00557
DT00558,07/12/2018,2018,07,Q3,DT00558
DT00559,07/13/2018,2018,07,Q3,DT00559
DT00560,07/14/2018,2018,07,Q3,DT00560
DT00561,07/15/2018,2018,07,Q3,DT00561
DT00562,07/16/2018,2018,07,Q3,DT00562
DT00563,07/17/2018,2018,07,Q3,DT00563
DT00564,07/18/2018,2018,07,Q3,DT00564
DT00565,07/19/2018,2018,07,Q3,DT00565
DT00566,07/20/2018,2018,07,Q3,DT00566
DT00567,07/21/2018,2018,07,Q3,DT00567
DT00568,07/22/2018,2018,07,Q3,DT00568
DT00569,07/23/2018,2018,07,Q3,DT00569
DT00570,07/24/2018,2018,07,Q3,DT00570
DT00571,07/25/2018,2018,07,Q3,DT00571
DT00572,07/26/2018,2018,07,Q3,DT00572
DT00573,07/27/2018,2018,07,Q3,DT00573
DT00574,07/28/2018,2018,07,Q3,DT00574
DT00575,07/29/2018,2018,07,Q3,DT00575
DT00576,07/30/2018,2018,07,Q3,DT00576
DT00577,07/31/2018,2018,07,Q3,DT00577
DT00578,08/01/2018,2018,08,Q3,DT00578
DT00579,08/02/2018,2018,08,Q3,DT00579
DT00580,08/03/2018,2018,08,Q3,DT00580
DT00581,08/04/2018,2018,08,Q3,DT00581
DT00582,08/05/2018,2018,08,Q3,DT00582
DT00583,08/06/2018,2018,08,Q3,DT00583
DT00584,08/07/2018,2018,08,Q3,DT00584
DT00585,08/08/2018,2018,08,Q3,DT00585
DT00586,08/09/2018,2018,08,Q3,DT00586
DT00587,08/10/2018,2018,08,Q3,DT00587
DT00588,08/11/2018,2018,08,Q3,DT00588
DT00589,08/12/2018,2018,08,Q3,DT00589
DT00590,08/13/2018,2018,08,Q3,DT00590
DT00591,08/14/2018,2018,08,Q3,DT00591
DT00592,08/15/2018,2018,08,Q3,DT00592
DT00593,08/16/2018,2018,08,Q3,DT00593
DT00594,08/17/2018,2018,08,Q3,DT00594
DT00595,08/18/2018,2018,08,Q3,DT00595
DT00596,08/19/2018,2018,08,Q3,DT00596
DT00597,08/20/2018,2018,08,Q3,DT00597
DT00598,08/21/2018,2018,08,Q3,DT00598
DT00599,08/22/2018,2018,08,Q3,DT00599
DT00600,08/23/2018,2018,08,Q3,DT00600
DT00601,08/24/2018,2018,08,Q3,DT00601
DT00602,08/25/2018,2018,08,Q3,DT00602
DT00603,08/26/2018,2018,08,Q3,DT00603
DT00604,08/27/2018,2018,08,Q3,DT00604
DT00605,08/28/2018,2018,08,Q3,DT00605
DT00606,08/29/2018,2018,08,Q3,DT00606
DT00607,08/30/2018,2018,08,Q3,DT00607
DT00608,08/31/2018,2018,08,Q3,DT00608
DT00609,09/01/2018,2018,09,Q3,DT00609
DT00610,09/02/2018,2018,09,Q3,DT00610
DT00611,09/03/2018,2018,09,Q3,DT00611
DT00612,09/04/2018,2018,09,Q3,DT00612
DT00613,09/05/2018,2018,09,Q3,DT00613
DT00614,09/06/2018,2018,09,Q3,DT00614
DT00615,09/07/2018,2018,09,Q3,DT00615
DT00616,09/08/2018,2018,09,Q3,DT00616
DT00617,09/09/2018,2018,09,Q3,DT00617
DT00618,09/10/2018,2018,09,Q3,DT00618
DT00619,09/11/2018,2018,09,Q3,DT00619
DT00620,09/12/2018,2018,09,Q3,DT00620
DT00621,09/13/2018,2018,09,Q3,DT00621
DT00622,09/14/2018,2018,09,Q3,DT00622
DT00623,09/15/2018,2018,09,Q3,DT00623
DT00624,09/16/2018,2018,09,Q3,DT00624
DT00625,09/17/2018,2018,09,Q3,DT00625
DT00626,09/18/2018,2018,09,Q3,DT00626
DT00627,09/19/2018,2018,09,Q3,DT00627
DT00628,09/20/2018,2018,09,Q3,DT00628
DT00629,09/21/2018,2018,09,Q3,DT00629
DT00630,09/22/2018,2018,09,Q3,DT00630
DT00631,09/23/2018,2018,09,Q3,DT00631
DT00632,09/24/2018,2018,09,Q3,DT00632
DT00633,09/25/2018,2018,09,Q3,DT00633
DT00634,09/26/2018,2018,09,Q3,DT00634
DT00635,09/27/2018,2018,09,Q3,DT00635
DT00636,09/28/2018,2018,09,Q3,DT00636
DT00637,09/29/2018,2018,09,Q3,DT00637
DT00638,09/30/2018,2018,09,Q3,DT00638
DT00639,10/01/2018,2018,10,Q4,DT00639
DT00640,10/02/2018,2018,10,Q4,DT00640
DT00641,10/03/2018,2018,10,Q4,DT00641
DT00642,10/04/2018,2018,10,Q4,DT00642
DT00643,10/05/2018,2018,10,Q4,DT00643
DT00644,10/06/2018,2018,10,Q4,DT00644
DT00645,10/07/2018,2018,10,Q4,DT00645
DT00646,10/08/2018,2018,10,Q4,DT00646
DT00647,10/09/2018,2018,10,Q4,DT00647
DT00648,10/10/2018,2018,10,Q4,DT00648
DT00649,10/11/2018,2018,10,Q4,DT00649
DT00650,10/12/2018,2018,10,Q4,DT00650
DT00651,10/13/2018,2018,10,Q4,DT00651
DT00652,10/14/2018,2018,10,Q4,DT00652
DT00653,10/15/2018,2018,10,Q4,DT00653
DT00654,10/16/2018,2018,10,Q4,DT00654
DT00655,10/17/2018,2018,10,Q4,DT00655
DT00656,10/18/2018,2018,10,Q4,DT00656
DT00657,10/19/2018,2018,10,Q4,DT00657
DT00658,10/20/2018,2018,10,Q4,DT00658
DT00659,10/21/2018,2018,10,Q4,DT00659
DT00660,10/22/2018,2018,10,Q4,DT00660
DT00661,10/23/2018,2018,10,Q4,DT00661
DT00662,10/24/2018,2018,10,Q4,DT00662
DT00663,10/25/2018,2018,10,Q4,DT00663
DT00664,10/26/2018,2018,10,Q4,DT00664
DT00665,10/27/2018,2018,10,Q4,DT00665
DT00666,10/28/2018,2018,10,Q4,DT00666
DT00667,10/29/2018,2018,10,Q4,DT00667
DT00668,10/30/2018,2018,10,Q4,DT00668
DT00669,10/31/2018,2018,10,Q4,DT00669
DT00670,11/01/2018,2018,11,Q4,DT00670
DT00671,11/02/2018,2018,11,Q4,DT00671
DT00672,11/03/2018,2018,11,Q4,DT00672
DT00673,11/04/2018,2018,11,Q4,DT00673
DT00674,11/05/2018,2018,11,Q4,DT00674
DT00675,11/06/2018,2018,11,Q4,DT00675
DT00676,11/07/2018,2018,11,Q4,DT00676
DT00677,11/08/2018,2018,11,Q4,DT00677
DT00678,11/09/2018,2018,11,Q4,DT00678
DT00679,11/10/2018,2018,11,Q4,DT00679
DT00680,11/11/2018,2018,11,Q4,DT00680
DT00681,11/12/2018,2018,11,Q4,DT00681
DT00682,11/13/2018,2018,11,Q4,DT00682
DT00683,11/14/2018,2018,11,Q4,DT00683
DT00684,11/15/2018,2018,11,Q4,DT00684
DT00685,11/16/2018,2018,11,Q4,DT00685
DT00686,11/17/2018,2018,11,Q4,DT00686
DT00687,11/18/2018,2018,11,Q4,DT00687
DT00688,11/19/2018,2018,11,Q4,DT00688
DT00689,11/20/2018,2018,11,Q4,DT00689
DT00690,11/21/2018,2018,11,Q4,DT00690
DT00691,11/22/2018,2018,11,Q4,DT00691
DT00692,11/23/2018,2018,11,Q4,DT00692
DT00693,11/24/2018,2018,11,Q4,DT00693
DT00694,11/25/2018,2018,11,Q4,DT00694
DT00695,11/26/2018,2018,11,Q4,DT00695
DT00696,11/27/2018,2018,11,Q4,DT00696
DT00697,11/28/2018,2018,11,Q4,DT00697
DT00698,11/29/2018,2018,11,Q4,DT00698
DT00699,11/30/2018,2018,11,Q4,DT00699
DT00700,12/01/2018,2018,12,Q4,DT00700
DT00701,12/02/2018,2018,12,Q4,DT00701
DT00702,12/03/2018,2018,12,Q4,DT00702
DT00703,12/04/2018,2018,12,Q4,DT00703
DT00704,12/05/2018,2018,12,Q4,DT00704
DT00705,12/06/2018,2018,12,Q4,DT00705
DT00706,12/07/2018,2018,12,Q4,DT00706
DT00707,12/08/2018,2018,12,Q4,DT00707
DT00708,12/09/2018,2018,12,Q4,DT00708
DT00709,12/10/2018,2018,12,Q4,DT00709
DT00710,12/11/2018,2018,12,Q4,DT00710
DT00711,12/12/2018,2018,12,Q4,DT00711
DT00712,12/13/2018,2018,12,Q4,DT00712
DT00713,12/14/2018,2018,12,Q4,DT00713
DT00714,12/15/2018,2018,12,Q4,DT00714
DT00715,12/16/2018,2018,12,Q4,DT00715
DT00716,12/17/2018,2018,12,Q4,DT00716
DT00717,12/18/2018,2018,12,Q4,DT00717
DT00718,12/19/2018,2018,12,Q4,DT00718
DT00719,12/20/2018,2018,12,Q4,DT00719
DT00720,12/21/2018,2018,12,Q4,DT00720
DT00721,12/22/2018,2018,12,Q4,DT00721
DT00722,12/23/2018,2018,12,Q4,DT00722
DT00723,12/24/2018,2018,12,Q4,DT00723
DT00724,12/25/2018,2018,12,Q4,DT00724
DT00725,12/26/2018,2018,12,Q4,DT00725
DT00726,12/27/2018,2018,12,Q4,DT00726
DT00727,12/28/2018,2018,12,Q4,DT00727
DT00728,12/29/2018,2018,12,Q4,DT00728
DT00729,12/30/2018,2018,12,Q4,DT00729
DT00730,12/31/2018,2018,12,Q4,DT00730
DT00731,01/01/2019,2019,01,Q1,DT00731
DT00732,01/02/2019,2019,01,Q1,DT00732
DT00733,01/03/2019,2019,01,Q1,DT00733
DT00734,01/04/2019,2019,01,Q1,DT00734
DT00735,01/05/2019,2019,01,Q1,DT00735
DT00736,01/06/2019,2019,01,Q1,DT00736
DT00737,01/07/2019,2019,01,Q1,DT00737
DT00738,01/08/2019,2019,01,Q1,DT00738
DT00739,01/09/2019,2019,01,Q1,DT00739
DT00740,01/10/2019,2019,01,Q1,DT00740
DT00741,01/11/2019,2019,01,Q1,DT00741
DT00742,01/12/2019,2019,01,Q1,DT00742
DT00743,01/13/2019,2019,01,Q1,DT00743
DT00744,01/14/2019,2019,01,Q1,DT00744
DT00745,01/15/2019,2019,01,Q1,DT00745
DT00746,01/16/2019,2019,01,Q1,DT00746
DT00747,01/17/2019,2019,01,Q1,DT00747
DT00748,01/18/2019,2019,01,Q1,DT00748
DT00749,01/19/2019,2019,01,Q1,DT00749
DT00750,01/20/2019,2019,01,Q1,DT00750
DT00751,01/21/2019,2019,01,Q1,DT00751
DT00752,01/22/2019,2019,01,Q1,DT00752
DT00753,01/23/2019,2019,01,Q1,DT00753
DT00754,01/24/2019,2019,01,Q1,DT00754
DT00755,01/25/2019,2019,01,Q1,DT00755
DT00756,01/26/2019,2019,01,Q1,DT00756
DT00757,01/27/2019,2019,01,Q1,DT00757
DT00758,01/28/2019,2019,01,Q1,DT00758
DT00759,01/29/2019,2019,01,Q1,DT00759
DT00760,01/30/2019,2019,01,Q1,DT00760
DT00761,01/31/2019,2019,01,Q1,DT00761
DT00762,02/01/2019,2019,02,Q1,DT00762
DT00763,02/02/2019,2019,02,Q1,DT00763
DT00764,02/03/2019,2019,02,Q1,DT00764
DT00765,02/04/2019,2019,02,Q1,DT00765
DT00766,02/05/2019,2019,02,Q1,DT00766
DT00767,02/06/2019,2019,02,Q1,DT00767
DT00768,02/07/2019,2019,02,Q1,DT00768
DT00769,02/08/2019,2019,02,Q1,DT00769
DT00770,02/09/2019,2019,02,Q1,DT00770
DT00771,02/10/2019,2019,02,Q1,DT00771
DT00772,02/11/2019,2019,02,Q1,DT00772
DT00773,02/12/2019,2019,02,Q1,DT00773
DT00774,02/13/2019,2019,02,Q1,DT00774
DT00775,02/14/2019,2019,02,Q1,DT00775
DT00776,02/15/2019,2019,02,Q1,DT00776
DT00777,02/16/2019,2019,02,Q1,DT00777
DT00778,02/17/2019,2019,02,Q1,DT00778
DT00779,02/18/2019,2019,02,Q1,DT00779
DT00780,02/19/2019,2019,02,Q1,DT00780
DT00781,02/20/2019,2019,02,Q1,DT00781
DT00782,02/21/2019,2019,02,Q1,DT00782
DT00783,02/22/2019,2019,02,Q1,DT00783
DT00784,02/23/2019,2019,02,Q1,DT00784
DT00785,02/24/2019,2019,02,Q1,DT00785
DT00786,02/25/2019,2019,02,Q1,DT00786
DT00787,02/26/2019,2019,02,Q1,DT00787
DT00788,02/27/2019,2019,02,Q1,DT00788
DT00789,02/28/2019,2019,02,Q1,DT00789
DT00790,03/01/2019,2019,03,Q1,DT00790
DT00791,03/02/2019,2019,03,Q1,DT00791
DT00792,03/03/2019,2019,03,Q1,DT00792
DT00793,03/04/2019,2019,03,Q1,DT00793
DT00794,03/05/2019,2019,03,Q1,DT00794
DT00795,03/06/2019,2019,03,Q1,DT00795
DT00796,03/07/2019,2019,03,Q1,DT00796
DT00797,03/08/2019,2019,03,Q1,DT00797
DT00798,03/09/2019,2019,03,Q1,DT00798
DT00799,03/10/2019,2019,03,Q1,DT00799
DT00800,03/11/2019,2019,03,Q1,DT00800
DT00801,03/12/2019,2019,03,Q1,DT00801
DT00802,03/13/2019,2019,03,Q1,DT00802
DT00803,03/14/2019,2019,03,Q1,DT00803
DT00804,03/15/2019,2019,03,Q1,DT00804
DT00805,03/16/2019,2019,03,Q1,DT00805
DT00806,03/17/2019,2019,03,Q1,DT00806
DT00807,03/18/2019,2019,03,Q1,DT00807
DT00808,03/19/2019,2019,03,Q1,DT00808
DT00809,03/20/2019,2019,03,Q1,DT00809
DT00810,03/21/2019,2019,03,Q1,DT00810
DT00811,03/22/2019,2019,03,Q1,DT00811
DT00812,03/23/2019,2019,03,Q1,DT00812
DT00813,03/24/2019,2019,03,Q1,DT00813
DT00814,03/25/2019,2019,03,Q1,DT00814
DT00815,03/26/2019,2019,03,Q1,DT00815
DT00816,03/27/2019,2019,03,Q1,DT00816
DT00817,03/28/2019,2019,03,Q1,DT00817
DT00818,03/29/2019,2019,03,Q1,DT00818
DT00819,03/30/2019,2019,03,Q1,DT00819
DT00820,03/31/2019,2019,03,Q1,DT00820
DT00821,04/01/2019,2019,04,Q2,DT00821
DT00822,04/02/2019,2019,04,Q2,DT00822
DT00823,04/03/2019,2019,04,Q2,DT00823
DT00824,04/04/2019,2019,04,Q2,DT00824
DT00825,04/05/2019,2019,04,Q2,DT00825
DT00826,04/06/2019,2019,04,Q2,DT00826
DT00827,04/07/2019,2019,04,Q2,DT00827
DT00828,04/08/2019,2019,04,Q2,DT00828
DT00829,04/09/2019,2019,04,Q2,DT00829
DT00830,04/10/2019,2019,04,Q2,DT00830
DT00831,04/11/2019,2019,04,Q2,DT00831
DT00832,04/12/2019,2019,04,Q2,DT00832
DT00833,04/13/2019,2019,04,Q2,DT00833
DT00834,04/14/2019,2019,04,Q2,DT00834
DT00835,04/15/2019,2019,04,Q2,DT00835
DT00836,04/16/2019,2019,04,Q2,DT00836
DT00837,04/17/2019,2019,04,Q2,DT00837
DT00838,04/18/2019,2019,04,Q2,DT00838
DT00839,04/19/2019,2019,04,Q2,DT00839
DT00840,04/20/2019,2019,04,Q2,DT00840
DT00841,04/21/2019,2019,04,Q2,DT00841
DT00842,04/22/2019,2019,04,Q2,DT00842
DT00843,04/23/2019,2019,04,Q2,DT00843
DT00844,04/24/2019,2019,04,Q2,DT00844
DT00845,04/25/2019,2019,04,Q2,DT00845
DT00846,04/26/2019,2019,04,Q2,DT00846
DT00847,04/27/2019,2019,04,Q2,DT00847
DT00848,04/28/2019,2019,04,Q2,DT00848
DT00849,04/29/2019,2019,04,Q2,DT00849
DT00850,04/30/2019,2019,04,Q2,DT00850
DT00851,05/01/2019,2019,05,Q2,DT00851
DT00852,05/02/2019,2019,05,Q2,DT00852
DT00853,05/03/2019,2019,05,Q2,DT00853
DT00854,05/04/2019,2019,05,Q2,DT00854
DT00855,05/05/2019,2019,05,Q2,DT00855
DT00856,05/06/2019,2019,05,Q2,DT00856
DT00857,05/07/2019,2019,05,Q2,DT00857
DT00858,05/08/2019,2019,05,Q2,DT00858
DT00859,05/09/2019,2019,05,Q2,DT00859
DT00860,05/10/2019,2019,05,Q2,DT00860
DT00861,05/11/2019,2019,05,Q2,DT00861
DT00862,05/12/2019,2019,05,Q2,DT00862
DT00863,05/13/2019,2019,05,Q2,DT00863
DT00864,05/14/2019,2019,05,Q2,DT00864
DT00865,05/15/2019,2019,05,Q2,DT00865
DT00866,05/16/2019,2019,05,Q2,DT00866
DT00867,05/17/2019,2019,05,Q2,DT00867
DT00868,05/18/2019,2019,05,Q2,DT00868
DT00869,05/19/2019,2019,05,Q2,DT00869
DT00870,05/20/2019,2019,05,Q2,DT00870
DT00871,05/21/2019,2019,05,Q2,DT00871
DT00872,05/22/2019,2019,05,Q2,DT00872
DT00873,05/23/2019,2019,05,Q2,DT00873
DT00874,05/24/2019,2019,05,Q2,DT00874
DT00875,05/25/2019,2019,05,Q2,DT00875
DT00876,05/26/2019,2019,05,Q2,DT00876
DT00877,05/27/2019,2019,05,Q2,DT00877
DT00878,05/28/2019,2019,05,Q2,DT00878
DT00879,05/29/2019,2019,05,Q2,DT00879
DT00880,05/30/2019,2019,05,Q2,DT00880
DT00881,05/31/2019,2019,05,Q2,DT00881
DT00882,06/01/2019,2019,06,Q2,DT00882
DT00883,06/02/2019,2019,06,Q2,DT00883
DT00884,06/03/2019,2019,06,Q2,DT00884
DT00885,06/04/2019,2019,06,Q2,DT00885
DT00886,06/05/2019,2019,06,Q2,DT00886
DT00887,06/06/2019,2019,06,Q2,DT00887
DT00888,06/07/2019,2019,06,Q2,DT00888
DT00889,06/08/2019,2019,06,Q2,DT00889
DT00890,06/09/2019,2019,06,Q2,DT00890
DT00891,06/10/2019,2019,06,Q2,DT00891
DT00892,06/11/2019,2019,06,Q2,DT00892
DT00893,06/12/2019,2019,06,Q2,DT00893
DT00894,06/13/2019,2019,06,Q2,DT00894
DT00895,06/14/2019,2019,06,Q2,DT00895
DT00896,06/15/2019,2019,06,Q2,DT00896
DT00897,06/16/2019,2019,06,Q2,DT00897
DT00898,06/17/2019,2019,06,Q2,DT00898
DT00899,06/18/2019,2019,06,Q2,DT00899
DT00900,06/19/2019,2019,06,Q2,DT00900
DT00901,06/20/2019,2019,06,Q2,DT00901
DT00902,06/21/2019,2019,06,Q2,DT00902
DT00903,06/22/2019,2019,06,Q2,DT00903
DT00904,06/23/2019,2019,06,Q2,DT00904
DT00905,06/24/2019,2019,06,Q2,DT00905
DT00906,06/25/2019,2019,06,Q2,DT00906
DT00907,06/26/2019,2019,06,Q2,DT00907
DT00908,06/27/2019,2019,06,Q2,DT00908
DT00909,06/28/2019,2019,06,Q2,DT00909
DT00910,06/29/2019,2019,06,Q2,DT00910
DT00911,06/30/2019,2019,06,Q2,DT00911
DT00912,07/01/2019,2019,07,Q3,DT00912
DT00913,07/02/2019,2019,07,Q3,DT00913
DT00914,07/03/2019,2019,07,Q3,DT00914
DT00915,07/04/2019,2019,07,Q3,DT00915
DT00916,07/05/2019,2019,07,Q3,DT00916
DT00917,07/06/2019,2019,07,Q3,DT00917
DT00918,07/07/2019,2019,07,Q3,DT00918
DT00919,07/08/2019,2019,07,Q3,DT00919
DT00920,07/09/2019,2019,07,Q3,DT00920
DT00921,07/10/2019,2019,07,Q3,DT00921
DT00922,07/11/2019,2019,07,Q3,DT00922
DT00923,07/12/2019,2019,07,Q3,DT00923
DT00924,07/13/2019,2019,07,Q3,DT00924
DT00925,07/14/2019,2019,07,Q3,DT00925
DT00926,07/15/2019,2019,07,Q3,DT00926
DT00927,07/16/2019,2019,07,Q3,DT00927
DT00928,07/17/2019,2019,07,Q3,DT00928
DT00929,07/18/2019,2019,07,Q3,DT00929
DT00930,07/19/2019,2019,07,Q3,DT00930
DT00931,07/20/2019,2019,07,Q3,DT00931
DT00932,07/21/2019,2019,07,Q3,DT00932
DT00933,07/22/2019,2019,07,Q3,DT00933
DT00934,07/23/2019,2019,07,Q3,DT00934
DT00935,07/24/2019,2019,07,Q3,DT00935
DT00936,07/25/2019,2019,07,Q3,DT00936
DT00937,07/26/2019,2019,07,Q3,DT00937
DT00938,07/27/2019,2019,07,Q3,DT00938
DT00939,07/28/2019,2019,07,Q3,DT00939
DT00940,07/29/2019,2019,07,Q3,DT00940
DT00941,07/30/2019,2019,07,Q3,DT00941
DT00942,07/31/2019,2019,07,Q3,DT00942
DT00943,08/01/2019,2019,08,Q3,DT00943
DT00944,08/02/2019,2019,08,Q3,DT00944
DT00945,08/03/2019,2019,08,Q3,DT00945
DT00946,08/04/2019,2019,08,Q3,DT00946
DT00947,08/05/2019,2019,08,Q3,DT00947
DT00948,08/06/2019,2019,08,Q3,DT00948
DT00949,08/07/2019,2019,08,Q3,DT00949
DT00950,08/08/2019,2019,08,Q3,DT00950
DT00951,08/09/2019,2019,08,Q3,DT00951
DT00952,08/10/2019,2019,08,Q3,DT00952
DT00953,08/11/2019,2019,08,Q3,DT00953
DT00954,08/12/2019,2019,08,Q3,DT00954
DT00955,08/13/2019,2019,08,Q3,DT00955
DT00956,08/14/2019,2019,08,Q3,DT00956
DT00957,08/15/2019,2019,08,Q3,DT00957
DT00958,08/16/2019,2019,08,Q3,DT00958
DT00959,08/17/2019,2019,08,Q3,DT00959
DT00960,08/18/2019,2019,08,Q3,DT00960
DT00961,08/19/2019,2019,08,Q3,DT00961
DT00962,08/20/2019,2019,08,Q3,DT00962
DT00963,08/21/2019,2019,08,Q3,DT00963
DT00964,08/22/2019,2019,08,Q3,DT00964
DT00965,08/23/2019,2019,08,Q3,DT00965
DT00966,08/24/2019,2019,08,Q3,DT00966
DT00967,08/25/2019,2019,08,Q3,DT00967
DT00968,08/26/2019,2019,08,Q3,DT00968
DT00969,08/27/2019,2019,08,Q3,DT00969
DT00970,08/28/2019,2019,08,Q3,DT00970
DT00971,08/29/2019,2019,08,Q3,DT00971
DT00972,08/30/2019,2019,08,Q3,DT00972
DT00973,08/31/2019,2019,08,Q3,DT00973
DT00974,09/01/2019,2019,09,Q3,DT00974
DT00975,09/02/2019,2019,09,Q3,DT00975
DT00976,09/03/2019,2019,09,Q3,DT00976
DT00977,09/04/2019,2019,09,Q3,DT00977
DT00978,09/05/2019,2019,09,Q3,DT00978
DT00979,09/06/2019,2019,09,Q3,DT00979
DT00980,09/07/2019,2019,09,Q3,DT00980
DT00981,09/08/2019,2019,09,Q3,DT00981
DT00982,09/09/2019,2019,09,Q3,DT00982
DT00983,09/10/2019,2019,09,Q3,DT00983
DT00984,09/11/2019,2019,09,Q3,DT00984
DT00985,09/12/2019,2019,09,Q3,DT00985
DT00986,09/13/2019,2019,09,Q3,DT00986
DT00987,09/14/2019,2019,09,Q3,DT00987
DT00988,09/15/2019,2019,09,Q3,DT00988
DT00989,09/16/2019,2019,09,Q3,DT00989
DT00990,09/17/2019,2019,09,Q3,DT00990
DT00991,09/18/2019,2019,09,Q3,DT00991
DT00992,09/19/2019,2019,09,Q3,DT00992
DT00993,09/20/2019,2019,09,Q3,DT00993
DT00994,09/21/2019,2019,09,Q3,DT00994
DT00995,09/22/2019,2019,09,Q3,DT00995
DT00996,09/23/2019,2019,09,Q3,DT00996
DT00997,09/24/2019,2019,09,Q3,DT00997
DT00998,09/25/2019,2019,09,Q3,DT00998
DT00999,09/26/2019,2019,09,Q3,DT00999
DT01000,09/27/2019,2019,09,Q3,DT01000
DT01001,09/28/2019,2019,09,Q3,DT01001
DT01002,09/29/2019,2019,09,Q3,DT01002
DT01003,09/30/2019,2019,09,Q3,DT01003
DT01004,10/01/2019,2019,10,Q4,DT01004
DT01005,10/02/2019,2019,10,Q4,DT01005
DT01006,10/03/2019,2019,10,Q4,DT01006
DT01007,10/04/2019,2019,10,Q4,DT01007
DT01008,10/05/2019,2019,10,Q4,DT01008
DT01009,10/06/2019,2019,10,Q4,DT01009
DT01010,10/07/2019,2019,10,Q4,DT01010
DT01011,10/08/2019,2019,10,Q4,DT01011
DT01012,10/09/2019,2019,10,Q4,DT01012
DT01013,10/10/2019,2019,10,Q4,DT01013
DT01014,10/11/2019,2019,10,Q4,DT01014
DT01015,10/12/2019,2019,10,Q4,DT01015
DT01016,10/13/2019,2019,10,Q4,DT01016
DT01017,10/14/2019,2019,10,Q4,DT01017
DT01018,10/15/2019,2019,10,Q4,DT01018
DT01019,10/16/2019,2019,10,Q4,DT01019
DT01020,10/17/2019,2019,10,Q4,DT01020
DT01021,10/18/2019,2019,10,Q4,DT01021
DT01022,10/19/2019,2019,10,Q4,DT01022
DT01023,10/20/2019,2019,10,Q4,DT01023
DT01024,10/21/2019,2019,10,Q4,DT01024
DT01025,10/22/2019,2019,10,Q4,DT01025
DT01026,10/23/2019,2019,10,Q4,DT01026
DT01027,10/24/2019,2019,10,Q4,DT01027
DT01028,10/25/2019,2019,10,Q4,DT01028
DT01029,10/26/2019,2019,10,Q4,DT01029
DT01030,10/27/2019,2019,10,Q4,DT01030
DT01031,10/28/2019,2019,10,Q4,DT01031
DT01032,10/29/2019,2019,10,Q4,DT01032
DT01033,10/30/2019,2019,10,Q4,DT01033
DT01034,10/31/2019,2019,10,Q4,DT01034
DT01035,11/01/2019,2019,11,Q4,DT01035
DT01036,11/02/2019,2019,11,Q4,DT01036
DT01037,11/03/2019,2019,11,Q4,DT01037
DT01038,11/04/2019,2019,11,Q4,DT01038
DT01039,11/05/2019,2019,11,Q4,DT01039
DT01040,11/06/2019,2019,11,Q4,DT01040
DT01041,11/07/2019,2019,11,Q4,DT01041
DT01042,11/08/2019,2019,11,Q4,DT01042
DT01043,11/09/2019,2019,11,Q4,DT01043
DT01044,11/10/2019,2019,11,Q4,DT01044
DT01045,11/11/2019,2019,11,Q4,DT01045
DT01046,11/12/2019,2019,11,Q4,DT01046
DT01047,11/13/2019,2019,11,Q4,DT01047
DT01048,11/14/2019,2019,11,Q4,DT01048
DT01049,11/15/2019,2019,11,Q4,DT01049
DT01050,11/16/2019,2019,11,Q4,DT01050
DT01051,11/17/2019,2019,11,Q4,DT01051
DT01052,11/18/2019,2019,11,Q4,DT01052
DT01053,11/19/2019,2019,11,Q4,DT01053
DT01054,11/20/2019,2019,11,Q4,DT01054
DT01055,11/21/2019,2019,11,Q4,DT01055
DT01056,11/22/2019,2019,11,Q4,DT01056
DT01057,11/23/2019,2019,11,Q4,DT01057
DT01058,11/24/2019,2019,11,Q4,DT01058
DT01059,11/25/2019,2019,11,Q4,DT01059
DT01060,11/26/2019,2019,11,Q4,DT01060
DT01061,11/27/2019,2019,11,Q4,DT01061
DT01062,11/28/2019,2019,11,Q4,DT01062
DT01063,11/29/2019,2019,11,Q4,DT01063
DT01064,11/30/2019,2019,11,Q4,DT01064
DT01065,12/01/2019,2019,12,Q4,DT01065
DT01066,12/02/2019,2019,12,Q4,DT01066
DT01067,12/03/2019,2019,12,Q4,DT01067
DT01068,12/04/2019,2019,12,Q4,DT01068
DT01069,12/05/2019,2019,12,Q4,DT01069
DT01070,12/06/2019,2019,12,Q4,DT01070
DT01071,12/07/2019,2019,12,Q4,DT01071
DT01072,12/08/2019,2019,12,Q4,DT01072
DT01073,12/09/2019,2019,12,Q4,DT01073
DT01074,12/10/2019,2019,12,Q4,DT01074
DT01075,12/11/2019,2019,12,Q4,DT01075
DT01076,12/12/2019,2019,12,Q4,DT01076
DT01077,12/13/2019,2019,12,Q4,DT01077
DT01078,12/14/2019,2019,12,Q4,DT01078
DT01079,12/15/2019,2019,12,Q4,DT01079
DT01080,12/16/2019,2019,12,Q4,DT01080
DT01081,12/17/2019,2019,12,Q4,DT01081
DT01082,12/18/2019,2019,12,Q4,DT01082
DT01083,12/19/2019,2019,12,Q4,DT01083
DT01084,12/20/2019,2019,12,Q4,DT01084
DT01085,12/21/2019,2019,12,Q4,DT01085
DT01086,12/22/2019,2019,12,Q4,DT01086
DT01087,12/23/2019,2019,12,Q4,DT01087
DT01088,12/24/2019,2019,12,Q4,DT01088
DT01089,12/25/2019,2019,12,Q4,DT01089
DT01090,12/26/2019,2019,12,Q4,DT01090
DT01091,12/27/2019,2019,12,Q4,DT01091
DT01092,12/28/2019,2019,12,Q4,DT01092
DT01093,12/29/2019,2019,12,Q4,DT01093
DT01094,12/30/2019,2019,12,Q4,DT01094
DT01095,12/31/2019,2019,12,Q4,DT01095
DT01096,01/01/2020,2020,01,Q1,DT01096
DT01097,01/02/2020,2020,01,Q1,DT01097
DT01098,01/03/2020,2020,01,Q1,DT01098
DT01099,01/04/2020,2020,01,Q1,DT01099
DT01100,01/05/2020,2020,01,Q1,DT01100
DT01101,01/06/2020,2020,01,Q1,DT01101
DT01102,01/07/2020,2020,01,Q1,DT01102
DT01103,01/08/2020,2020,01,Q1,DT01103
DT01104,01/09/2020,2020,01,Q1,DT01104
DT01105,01/10/2020,2020,01,Q1,DT01105
DT01106,01/11/2020,2020,01,Q1,DT01106
DT01107,01/12/2020,2020,01,Q1,DT01107
DT01108,01/13/2020,2020,01,Q1,DT01108
DT01109,01/14/2020,2020,01,Q1,DT01109
DT01110,01/15/2020,2020,01,Q1,DT01110
DT01111,01/16/2020,2020,01,Q1,DT01111
DT01112,01/17/2020,2020,01,Q1,DT01112
DT01113,01/18/2020,2020,01,Q1,DT01113
DT01114,01/19/2020,2020,01,Q1,DT01114
DT01115,01/20/2020,2020,01,Q1,DT01115
DT01116,01/21/2020,2020,01,Q1,DT01116
DT01117,01/22/2020,2020,01,Q1,DT01117
DT01118,01/23/2020,2020,01,Q1,DT01118
DT01119,01/24/2020,2020,01,Q1,DT01119
DT01120,01/25/2020,2020,01,Q1,DT01120
DT01121,01/26/2020,2020,01,Q1,DT01121
DT01122,01/27/2020,2020,01,Q1,DT01122
DT01123,01/28/2020,2020,01,Q1,DT01123
DT01124,01/29/2020,2020,01,Q1,DT01124
DT01125,01/30/2020,2020,01,Q1,DT01125
DT01126,01/31/2020,2020,01,Q1,DT01126
DT01127,02/01/2020,2020,02,Q1,DT01127
DT01128,02/02/2020,2020,02,Q1,DT01128
DT01129,02/03/2020,2020,02,Q1,DT01129
DT01130,02/04/2020,2020,02,Q1,DT01130
DT01131,02/05/2020,2020,02,Q1,DT01131
DT01132,02/06/2020,2020,02,Q1,DT01132
DT01133,02/07/2020,2020,02,Q1,DT01133
DT01134,02/08/2020,2020,02,Q1,DT01134
DT01135,02/09/2020,2020,02,Q1,DT01135
DT01136,02/10/2020,2020,02,Q1,DT01136
DT01137,02/11/2020,2020,02,Q1,DT01137
DT01138,02/12/2020,2020,02,Q1,DT01138
DT01139,02/13/2020,2020,02,Q1,DT01139
DT01140,02/14/2020,2020,02,Q1,DT01140
DT01141,02/15/2020,2020,02,Q1,DT01141
DT01142,02/16/2020,2020,02,Q1,DT01142
DT01143,02/17/2020,2020,02,Q1,DT01143
DT01144,02/18/2020,2020,02,Q1,DT01144
DT01145,02/19/2020,2020,02,Q1,DT01145
DT01146,02/20/2020,2020,02,Q1,DT01146
DT01147,02/21/2020,2020,02,Q1,DT01147
DT01148,02/22/2020,2020,02,Q1,DT01148
DT01149,02/23/2020,2020,02,Q1,DT01149
DT01150,02/24/2020,2020,02,Q1,DT01150
DT01151,02/25/2020,2020,02,Q1,DT01151
DT01152,02/26/2020,2020,02,Q1,DT01152
DT01153,02/27/2020,2020,02,Q1,DT01153
DT01154,02/28/2020,2020,02,Q1,DT01154
DT01155,02/29/2020,2020,02,Q1,DT01155
DT01156,03/01/2020,2020,03,Q1,DT01156
DT01157,03/02/2020,2020,03,Q1,DT01157
DT01158,03/03/2020,2020,03,Q1,DT01158
DT01159,03/04/2020,2020,03,Q1,DT01159
DT01160,03/05/2020,2020,03,Q1,DT01160
DT01161,03/06/2020,2020,03,Q1,DT01161
DT01162,03/07/2020,2020,03,Q1,DT01162
DT01163,03/08/2020,2020,03,Q1,DT01163
DT01164,03/09/2020,2020,03,Q1,DT01164
DT01165,03/10/2020,2020,03,Q1,DT01165
DT01166,03/11/2020,2020,03,Q1,DT01166
DT01167,03/12/2020,2020,03,Q1,DT01167
DT01168,03/13/2020,2020,03,Q1,DT01168
DT01169,03/14/2020,2020,03,Q1,DT01169
DT01170,03/15/2020,2020,03,Q1,DT01170
DT01171,03/16/2020,2020,03,Q1,DT01171
DT01172,03/17/2020,2020,03,Q1,DT01172
DT01173,03/18/2020,2020,03,Q1,DT01173
DT01174,03/19/2020,2020,03,Q1,DT01174
DT01175,03/20/2020,2020,03,Q1,DT01175
DT01176,03/21/2020,2020,03,Q1,DT01176
DT01177,03/22/2020,2020,03,Q1,DT01177
DT01178,03/23/2020,2020,03,Q1,DT01178
DT01179,03/24/2020,2020,03,Q1,DT01179
DT01180,03/25/2020,2020,03,Q1,DT01180
DT01181,03/26/2020,2020,03,Q1,DT01181
DT01182,03/27/2020,2020,03,Q1,DT01182
DT01183,03/28/2020,2020,03,Q1,DT01183
DT01184,03/29/2020,2020,03,Q1,DT01184
DT01185,03/30/2020,2020,03,Q1,DT01185
DT01186,03/31/2020,2020,03,Q1,DT01186
DT01187,04/01/2020,2020,04,Q2,DT01187
DT01188,04/02/2020,2020,04,Q2,DT01188
DT01189,04/03/2020,2020,04,Q2,DT01189
DT01190,04/04/2020,2020,04,Q2,DT01190
DT01191,04/05/2020,2020,04,Q2,DT01191
DT01192,04/06/2020,2020,04,Q2,DT01192
DT01193,04/07/2020,2020,04,Q2,DT01193
DT01194,04/08/2020,2020,04,Q2,DT01194
DT01195,04/09/2020,2020,04,Q2,DT01195
DT01196,04/10/2020,2020,04,Q2,DT01196
DT01197,04/11/2020,2020,04,Q2,DT01197
DT01198,04/12/2020,2020,04,Q2,DT01198
DT01199,04/13/2020,2020,04,Q2,DT01199
DT01200,04/14/2020,2020,04,Q2,DT01200
DT01201,04/15/2020,2020,04,Q2,DT01201
DT01202,04/16/2020,2020,04,Q2,DT01202
DT01203,04/17/2020,2020,04,Q2,DT01203
DT01204,04/18/2020,2020,04,Q2,DT01204
DT01205,04/19/2020,2020,04,Q2,DT01205
DT01206,04/20/2020,2020,04,Q2,DT01206
DT01207,04/21/2020,2020,04,Q2,DT01207
DT01208,04/22/2020,2020,04,Q2,DT01208
DT01209,04/23/2020,2020,04,Q2,DT01209
DT01210,04/24/2020,2020,04,Q2,DT01210
DT01211,04/25/2020,2020,04,Q2,DT01211
DT01212,04/26/2020,2020,04,Q2,DT01212
DT01213,04/27/2020,2020,04,Q2,DT01213
DT01214,04/28/2020,2020,04,Q2,DT01214
DT01215,04/29/2020,2020,04,Q2,DT01215
DT01216,04/30/2020,2020,04,Q2,DT01216
DT01217,05/01/2020,2020,05,Q2,DT01217
DT01218,05/02/2020,2020,05,Q2,DT01218
DT01219,05/03/2020,2020,05,Q2,DT01219
DT01220,05/04/2020,2020,05,Q2,DT01220
DT01221,05/05/2020,2020,05,Q2,DT01221
DT01222,05/06/2020,2020,05,Q2,DT01222
DT01223,05/07/2020,2020,05,Q2,DT01223
DT01224,05/08/2020,2020,05,Q2,DT01224
DT01225,05/09/2020,2020,05,Q2,DT01225
DT01226,05/10/2020,2020,05,Q2,DT01226
DT01227,05/11/2020,2020,05,Q2,DT01227
DT01228,05/12/2020,2020,05,Q2,DT01228
DT01229,05/13/2020,2020,05,Q2,DT01229
DT01230,05/14/2020,2020,05,Q2,DT01230
DT01231,05/15/2020,2020,05,Q2,DT01231
DT01232,05/16/2020,2020,05,Q2,DT01232
DT01233,05/17/2020,2020,05,Q2,DT01233
DT01234,05/18/2020,2020,05,Q2,DT01234
DT01235,05/19/2020,2020,05,Q2,DT01235
DT01236,05/20/2020,2020,05,Q2,DT01236
DT01237,05/21/2020,2020,05,Q2,DT01237
DT01238,05/22/2020,2020,05,Q2,DT01238
DT01239,05/23/2020,2020,05,Q2,DT01239
DT01240,05/24/2020,2020,05,Q2,DT01240
DT01241,05/25/2020,2020,05,Q2,DT01241
DT01242,05/26/2020,2020,05,Q2,DT01242
DT01243,05/27/2020,2020,05,Q2,DT01243
DT01244,05/28/2020,2020,05,Q2,DT01244
DT01245,05/29/2020,2020,05,Q2,DT01245
DT01246,05/30/2020,2020,05,Q2,DT01246
DT01247,05/31/2020,2020,05,Q2,DT01247
